param,value,n_used,n_fizzled,median_AdjR2_cases,median_AdjR2_wastewater,median_AdjR2_both,pct_ww_helps,pct_cases_helps
symp_prob,0.01,100,0,0.5790260793847216,0.8034787925177822,0.8161079615546073,100.0,74.0
symp_prob,0.03,100,0,0.6557155132076313,0.8031543192328633,0.8336147750704983,100.0,98.0
symp_prob,0.1,100,0,0.7212095547928068,0.8080654193953047,0.8378592042785793,100.0,99.0
symp_prob,0.3,100,0,0.7979358036625537,0.8113893077622658,0.8115660063376455,81.0,5.0
asymp_prob,0.0,100,0,0.6499613360418146,0.8032817839659911,0.8307729471165162,100.0,95.0
asymp_prob,0.002,100,0,0.6557155132076313,0.8047535908355452,0.8345468759824005,100.0,98.0
asymp_prob,0.01,100,0,0.6696467219246376,0.8059917988965944,0.8407634600060822,100.0,100.0
asymp_prob,0.05,100,0,0.6932931318939628,0.8063300661268957,0.8493723100910938,100.0,100.0
test_delay,1.0,100,0,0.657042115135227,0.8090076695442784,0.8338170422350155,100.0,98.0
test_delay,3.0,100,0,0.6497973359289361,0.8034754800205832,0.8327827932527923,100.0,97.0
test_delay,7.0,100,0,0.6615510096974551,0.8039514502928375,0.8335127999211975,100.0,96.0
test_delay,10.0,100,0,0.6541979693665463,0.8019446174362739,0.8334822884268938,100.0,99.0
